time,temperature_2m,relativehumidity_2m,dewpoint_2m,apparent_temperature,pressure_msl,surface_pressure,cloudcover,cloudcover_low,cloudcover_mid,cloudcover_high,windspeed_10m,windspeed_80m,windspeed_120m,windspeed_180m,winddirection_10m,winddirection_80m,winddirection_120m,winddirection_180m,windgusts_10m,shortwave_radiation,direct_radiation,diffuse_radiation,vapor_pressure_deficit,cape,evapotranspiration,et0_fao_evapotranspiration,precipitation,weathercode,snow_depth,showers,snowfall,visibility,precipitation_probability,freezinglevel_height,soil_temperature_0cm,soil_temperature_6cm,soil_temperature_18cm,soil_temperature_54cm,soil_moisture_0_1cm,soil_moisture_1_3cm,soil_moisture_3_9cm,soil_moisture_9_27cm,soil_moisture_27_81cm,is_day
2025-04-05T00:00,12.8,95,12.0,12.8,1017.5,976.5,79,46,59,0,3.9,9.7,12.3,14.0,202,231,238,244,9.7,0.0,0.0,0.0,0.07,0.0,-0.0,0.0,0.0,2,0.0,0.0,0.0,5560.0,0,2740.0,12.4,14.9,17.3,16.3,0.152,0.171,0.209,0.225,0.232,0
2025-04-05T01:00,12.7,94,11.8,12.8,1017.7,976.6,81,33,69,0,3.1,8.5,11.0,12.9,201,234,238,240,8.6,0.0,0.0,0.0,0.09,0.0,-0.0,0.0,0.0,3,0.0,0.0,0.0,6460.0,0,2730.0,12.1,14.6,17.0,16.3,0.154,0.171,0.208,0.225,0.232,0
2025-04-05T02:00,12.7,93,11.6,12.9,1017.1,976.1,81,20,70,0,1.8,5.3,8.0,10.3,169,242,243,241,6.5,0.0,0.0,0.0,0.1,0.0,-0.0,0.0,0.0,2,0.0,0.0,0.0,8600.0,0,2690.0,11.4,14.3,16.8,16.3,0.156,0.172,0.208,0.225,0.232,0
2025-04-05T03:00,12.4,91,10.9,12.6,1017.0,975.9,65,0,65,0,0.8,3.7,5.8,8.0,63,299,277,260,3.2,0.0,0.0,0.0,0.13,0.0,-0.0,0.0,0.0,2,0.0,0.0,0.0,11180.0,0,2630.0,10.9,13.8,16.6,16.3,0.158,0.172,0.209,0.225,0.232,0
2025-04-05T04:00,12.1,92,10.9,12.1,1016.9,975.8,59,29,47,0,1.9,1.6,3.9,6.1,112,333,292,270,2.9,0.0,0.0,0.0,0.11,0.0,-0.0,0.0,0.0,2,0.0,0.0,0.0,10460.0,0,3550.0,10.1,13.4,16.3,16.3,0.159,0.172,0.209,0.225,0.232,0
2025-04-05T05:00,11.3,95,10.6,11.1,1017.0,975.8,59,42,44,0,2.9,1.8,1.0,3.4,150,127,225,252,4.3,0.0,0.0,0.0,0.07,0.0,-0.0,0.0,0.0,2,0.0,0.0,0.0,5480.0,0,3510.0,9.6,12.9,16.1,16.3,0.161,0.173,0.208,0.225,0.232,0
2025-04-05T06:00,10.7,97,10.3,10.4,1017.9,976.5,80,57,36,16,3.1,2.3,1.5,3.2,159,141,194,243,5.0,0.0,0.0,0.0,0.04,0.0,0.0,0.0,0.0,45,0.0,0.0,0.0,2780.0,0,3380.0,10.2,12.6,15.8,16.3,0.162,0.173,0.208,0.225,0.232,0
2025-04-05T07:00,11.1,96,10.5,10.8,1018.1,976.8,76,62,29,0,2.7,2.3,2.4,4.1,157,162,207,225,6.1,36.0,11.0,25.0,0.05,0.0,-0.0,0.01,0.0,45,0.0,0.0,0.0,3680.0,3,3310.0,12.3,12.6,15.6,16.3,0.164,0.173,0.208,0.225,0.232,1
2025-04-05T08:00,14.0,84,11.4,14.1,1018.5,977.6,59,55,1,7,2.3,3.3,3.9,5.1,219,186,214,225,6.1,192.0,103.0,89.0,0.26,0.0,0.02,0.09,0.0,2,0.0,0.0,0.0,18620.0,0,3170.0,17.4,13.6,15.4,16.2,0.164,0.174,0.208,0.225,0.232,1
2025-04-05T09:00,15.6,75,11.2,15.2,1018.3,977.6,91,53,0,71,5.1,5.2,5.2,5.5,231,205,205,203,11.9,377.0,239.0,138.0,0.44,0.0,0.1,0.2,0.0,3,0.0,0.0,0.0,35460.0,0,3250.0,20.0,15.4,15.4,16.2,0.163,0.174,0.208,0.225,0.232,1
2025-04-05T10:00,17.2,62,9.9,16.6,1018.2,977.7,94,56,0,79,4.6,6.5,6.5,6.8,225,199,199,198,13.3,566.0,356.0,210.0,0.75,0.0,0.19,0.32,0.0,3,0.0,0.0,0.0,56920.0,0,3310.0,23.3,17.2,15.5,16.2,0.159,0.174,0.207,0.225,0.232,1
2025-04-05T11:00,18.4,55,9.2,17.6,1017.6,977.3,92,66,0,73,6.9,9.7,9.7,9.9,242,225,225,224,16.6,629.0,393.0,236.0,0.95,0.0,0.24,0.38,0.0,3,0.0,0.0,0.0,68540.0,0,3300.0,23.2,18.5,15.7,16.2,0.154,0.174,0.206,0.224,0.232,1
2025-04-05T12:00,19.6,50,8.9,18.9,1016.8,976.7,99,57,0,98,7.6,10.1,10.6,10.6,265,253,252,252,18.7,665.0,361.0,304.0,1.14,10.0,0.26,0.42,0.0,3,0.0,0.0,0.0,72020.0,0,3300.0,26.9,19.7,16.0,16.2,0.149,0.174,0.206,0.224,0.232,1
2025-04-05T13:00,20.6,44,7.9,19.8,1016.2,976.3,83,46,60,36,9.5,10.6,10.5,10.9,279,280,278,276,21.6,745.0,424.0,321.0,1.36,10.0,0.28,0.48,0.0,3,0.0,0.0,0.0,74880.0,0,3290.0,27.4,21.0,16.3,16.2,0.144,0.174,0.205,0.223,0.232,1
2025-04-05T14:00,21.1,43,8.1,20.3,1015.3,975.5,61,35,46,2,9.2,11.0,11.0,10.8,291,293,293,291,22.0,733.0,492.0,241.0,1.43,10.0,0.27,0.48,0.0,2,0.0,0.0,0.0,75380.0,0,3290.0,27.3,21.7,16.7,16.2,0.138,0.173,0.204,0.223,0.232,1
2025-04-05T15:00,21.7,41,7.9,21.0,1014.5,974.8,100,6,18,100,7.2,9.2,9.6,9.6,297,291,290,290,20.5,712.0,494.0,218.0,1.53,10.0,0.26,0.46,0.0,3,0.0,0.0,0.0,75880.0,0,3250.0,27.4,22.3,17.1,16.2,0.133,0.173,0.203,0.223,0.232,1
2025-04-05T16:00,21.3,41,7.5,19.2,1013.7,974.0,62,48,48,0,10.4,18.6,18.9,18.4,316,311,310,310,21.2,524.0,289.0,235.0,1.5,0.0,0.22,0.36,0.0,1,0.0,0.0,0.0,75580.0,0,3240.0,24.9,22.3,17.5,16.2,0.13,0.172,0.203,0.222,0.231,1
2025-04-05T17:00,18.9,60,10.9,17.2,1014.2,974.1,60,58,4,0,13.4,20.3,21.1,21.4,329,340,340,340,32.4,360.0,232.0,128.0,0.87,10.0,0.15,0.23,0.0,3,0.0,0.0,0.0,62820.0,0,3210.0,19.1,21.4,17.8,16.2,0.128,0.171,0.202,0.222,0.231,1
2025-04-05T18:00,17.6,61,10.0,15.7,1014.5,974.2,23,23,0,0,13.2,20.5,21.3,21.3,343,336,336,336,28.8,195.0,125.0,70.0,0.78,0.0,0.08,0.14,0.0,1,0.0,0.0,0.0,61420.0,0,3170.0,17.3,20.1,18.0,16.3,0.129,0.171,0.202,0.222,0.231,1
2025-04-05T19:00,15.6,69,9.9,14.3,1015.5,974.9,7,7,0,0,8.7,16.3,17.4,17.7,336,338,338,340,27.4,34.0,17.0,17.0,0.55,0.0,0.03,0.04,0.0,1,0.0,0.0,0.0,53920.0,0,3200.0,14.2,18.6,18.0,16.3,0.13,0.17,0.202,0.222,0.231,0
2025-04-05T20:00,14.1,75,9.8,13.3,1016.5,975.7,19,18,9,0,5.4,11.2,15.0,15.4,340,339,343,344,17.6,0.0,0.0,0.0,0.4,0.0,0.01,0.0,0.0,1,0.0,0.0,0.0,43480.0,0,3180.0,12.8,17.2,18.0,16.3,0.133,0.169,0.202,0.222,0.231,0
2025-04-05T21:00,13.2,83,10.4,13.2,1017.5,976.5,55,45,27,0,0.8,6.5,8.6,9.0,297,357,358,358,13.0,0.0,0.0,0.0,0.26,0.0,-0.0,0.0,0.0,2,0.0,0.0,0.0,33860.0,0,3140.0,11.4,16.0,17.8,16.3,0.136,0.169,0.202,0.222,0.231,0
2025-04-05T22:00,12.8,84,10.1,12.6,1017.3,976.3,40,39,4,0,1.3,2.3,2.9,3.2,124,309,330,333,2.2,0.0,0.0,0.0,0.24,0.0,-0.0,0.0,0.0,1,0.0,0.0,0.0,28780.0,0,3070.0,10.7,15.0,17.6,16.3,0.139,0.169,0.201,0.222,0.231,0
2025-04-05T23:00,11.9,87,9.8,11.4,1017.5,976.3,31,31,0,0,3.3,2.6,2.6,2.9,167,164,164,173,5.0,0.0,0.0,0.0,0.18,0.0,-0.0,0.0,0.0,1,0.0,0.0,0.0,22320.0,0,3110.0,10.1,14.2,17.3,16.3,0.141,0.168,0.201,0.222,0.231,0
2025-04-06T00:00,10.9,92,9.7,10.4,1017.5,976.2,27,27,0,0,3.4,5.9,6.9,7.9,162,169,171,177,6.8,0.0,0.0,0.0,0.1,0.0,-0.0,0.0,0.0,1,0.0,0.0,0.0,10820.0,0,3050.0,9.7,13.6,17.0,16.3,0.144,0.168,0.201,0.222,0.231,0
2025-04-06T01:00,10.3,94,9.4,9.6,1017.4,976.0,36,36,0,0,3.4,6.2,8.4,9.6,162,187,190,193,7.6,0.0,0.0,0.0,0.08,0.0,0.0,0.0,0.0,1,0.0,0.0,0.0,5580.0,0,3050.0,9.5,13.1,16.7,16.3,0.146,0.168,0.201,0.222,0.231,0
2025-04-06T02:00,10.2,94,9.3,9.5,1017.0,975.6,29,27,0,3,3.5,5.7,7.6,8.9,156,198,199,201,6.8,0.0,0.0,0.0,0.07,0.0,-0.0,0.0,0.0,1,0.0,0.0,0.0,7120.0,0,3020.0,8.9,12.7,16.4,16.3,0.148,0.168,0.201,0.222,0.231,0
2025-04-06T03:00,10.1,93,9.0,9.3,1016.8,975.4,100,26,0,100,3.9,7.2,9.2,10.5,158,217,219,218,7.6,0.0,0.0,0.0,0.09,0.0,-0.0,0.0,0.0,3,0.0,0.0,0.0,8500.0,0,3000.0,9.1,12.4,16.1,16.3,0.15,0.168,0.201,0.222,0.231,0
2025-04-06T04:00,10.0,94,9.1,9.2,1016.8,975.4,100,25,100,100,3.7,4.6,7.1,8.4,169,252,255,250,7.2,0.0,0.0,0.0,0.07,0.0,-0.0,0.0,0.0,3,0.0,0.0,0.0,7660.0,0,3010.0,8.9,12.1,15.8,16.3,0.152,0.168,0.201,0.222,0.231,0
2025-04-06T05:00,9.6,95,8.9,8.7,1016.9,975.4,97,24,53,94,4.2,7.3,8.7,10.3,160,213,228,234,8.6,0.0,0.0,0.0,0.06,0.0,0.0,0.0,0.0,3,0.0,0.0,0.0,3380.0,0,3060.0,8.6,11.9,15.5,16.3,0.154,0.168,0.2,0.221,0.231,0
2025-04-06T06:00,9.1,95,8.4,8.1,1017.4,975.8,33,21,14,0,4.0,8.4,11.2,13.5,175,220,230,236,8.6,0.0,0.0,0.0,0.06,0.0,0.0,0.0,0.0,1,0.0,0.0,0.0,4500.0,0,3070.0,7.8,11.5,15.2,16.3,0.155,0.168,0.2,0.221,0.231,0
2025-04-06T07:00,10.0,92,8.7,9.1,1017.9,976.4,71,0,3,68,3.7,8.7,12.4,15.3,209,232,240,243,9.7,46.0,23.0,23.0,0.1,0.0,0.0,0.01,0.0,2,0.0,0.0,0.0,9200.0,0,3070.0,10.5,11.3,15.0,16.3,0.157,0.168,0.2,0.221,0.231,1
2025-04-06T08:00,13.3,81,10.1,12.7,1017.9,976.9,48,0,30,21,4.5,9.3,13.6,16.9,241,254,259,259,11.9,239.0,178.0,61.0,0.29,0.0,0.02,0.11,0.0,1,0.0,0.0,0.0,24940.0,0,2970.0,17.2,12.5,14.8,16.3,0.157,0.168,0.2,0.221,0.231,1
2025-04-06T09:00,15.7,68,9.8,14.7,1017.9,977.2,85,0,0,85,7.1,10.1,10.2,10.2,246,253,252,252,15.8,450.0,360.0,90.0,0.57,0.0,0.11,0.24,0.0,3,0.0,0.0,0.0,47900.0,0,2960.0,21.0,14.7,14.7,16.3,0.155,0.169,0.2,0.221,0.231,1
2025-04-06T10:00,16.8,65,10.2,15.7,1017.9,977.4,100,4,85,100,8.2,10.0,10.0,10.5,247,244,244,243,20.9,477.0,162.0,315.0,0.67,0.0,0.16,0.27,0.0,3,0.0,0.0,0.0,52900.0,0,2940.0,21.7,16.2,15.1,16.3,0.153,0.168,0.199,0.221,0.231,1
2025-04-06T11:00,17.9,60,10.0,16.6,1017.7,977.4,100,28,57,100,9.1,11.2,11.6,11.8,252,249,248,247,20.9,510.0,136.0,374.0,0.82,0.0,0.19,0.31,0.0,3,0.0,0.0,0.0,62100.0,0,2900.0,23.7,17.3,15.2,16.3,0.15,0.168,0.198,0.22,0.231,1
2025-04-06T12:00,19.9,53,10.0,20.2,1016.9,976.8,100,20,21,100,8.8,9.9,10.0,10.4,251,251,249,250,20.9,819.0,549.0,270.0,1.09,0.0,0.28,0.49,0.0,3,0.0,0.0,0.0,68420.0,0,2980.0,27.9,19.3,15.5,16.3,0.144,0.168,0.197,0.22,0.231,1
2025-04-06T13:00,20.8,46,8.8,20.4,1016.1,976.2,100,49,47,100,11.5,13.7,14.1,14.1,270,267,267,266,25.2,832.0,553.0,279.0,1.33,10.0,0.31,0.52,0.0,3,0.0,0.0,0.0,73860.0,0,2950.0,25.1,21.0,15.9,16.2,0.137,0.168,0.197,0.219,0.231,1
2025-04-06T14:00,21.1,44,8.4,19.4,1015.6,975.8,100,44,89,100,12.2,14.8,15.1,15.5,270,269,267,266,28.4,640.0,281.0,359.0,1.4,0.0,0.25,0.43,0.0,3,0.0,0.0,0.0,75360.0,0,3020.0,24.4,21.3,16.3,16.2,0.132,0.167,0.196,0.219,0.231,1
2025-04-06T15:00,21.6,43,8.5,20.0,1014.8,975.1,97,56,88,4,10.9,13.4,13.8,14.1,279,278,277,276,26.3,622.0,313.0,309.0,1.47,0.0,0.24,0.42,0.0,3,0.0,0.0,0.0,75600.0,0,2790.0,24.2,21.7,16.7,16.2,0.127,0.167,0.195,0.219,0.231,1
2025-04-06T16:00,21.1,46,9.0,18.9,1015.0,975.2,91,82,86,0,13.1,17.9,18.1,18.0,291,289,287,286,27.4,333.0,147.0,186.0,1.35,10.0,0.18,0.28,0.0,3,0.0,0.0,0.0,74740.0,8,2890.0,22.1,21.1,17.1,16.2,0.125,0.166,0.195,0.218,0.23,1
2025-04-06T17:00,19.4,58,10.9,17.8,1015.5,975.4,69,47,57,0,12.8,19.7,20.2,20.5,322,322,321,322,33.5,252.0,126.0,126.0,0.95,20.0,0.13,0.2,0.0,2,0.0,0.0,0.0,65220.0,5,2940.0,20.2,20.3,17.4,16.3,0.124,0.165,0.195,0.218,0.23,1
2025-04-06T18:00,18.4,62,11.0,17.3,1015.9,975.7,49,10,44,0,9.7,14.8,15.0,15.3,333,334,333,333,27.0,173.0,93.0,80.0,0.81,20.0,0.08,0.13,0.0,2,0.0,0.0,0.0,61860.0,10,2890.0,18.0,19.6,17.5,16.3,0.124,0.165,0.194,0.218,0.23,1
2025-04-06T19:00,16.6,71,11.3,16.1,1016.2,975.7,19,0,18,0,6.1,14.2,15.0,14.5,332,333,333,333,20.5,33.0,15.0,18.0,0.55,0.0,0.03,0.03,0.0,1,0.0,0.0,0.0,51940.0,8,2930.0,14.8,18.4,17.6,16.3,0.126,0.164,0.194,0.218,0.23,0
2025-04-06T20:00,15.2,80,11.8,15.3,1017.2,976.5,36,9,0,28,3.6,10.6,13.5,12.9,315,325,326,330,13.3,0.0,0.0,0.0,0.35,0.0,0.01,0.0,0.0,1,0.0,0.0,0.0,36800.0,8,2970.0,13.4,17.1,17.6,16.3,0.128,0.164,0.194,0.218,0.23,0
2025-04-06T21:00,14.6,84,12.0,15.1,1017.7,976.9,80,44,16,55,1.1,4.7,7.1,7.7,270,328,330,332,8.6,0.0,0.0,0.0,0.27,0.0,-0.0,0.0,0.0,2,0.0,0.0,0.0,30400.0,3,3030.0,12.0,16.0,17.4,16.3,0.131,0.163,0.194,0.218,0.23,0
2025-04-06T22:00,14.2,86,11.9,14.5,1017.9,977.0,70,47,11,31,1.8,3.3,4.6,5.6,233,311,315,320,2.9,0.0,0.0,0.0,0.23,0.0,-0.0,0.0,0.0,2,0.0,0.0,0.0,24520.0,3,3060.0,12.0,15.2,17.3,16.3,0.134,0.163,0.194,0.218,0.23,0
2025-04-06T23:00,13.6,88,11.6,13.9,1017.6,976.7,71,22,0,53,1.5,2.3,3.1,3.1,194,309,315,306,2.9,0.0,0.0,0.0,0.19,0.0,-0.0,0.0,0.0,2,0.0,0.0,0.0,19720.0,0,3060.0,10.8,14.6,17.0,16.3,0.136,0.162,0.194,0.218,0.23,0
2025-04-07T00:00,13.1,90,11.5,13.4,1017.3,976.3,97,3,0,95,1.0,2.6,3.1,2.1,135,344,339,329,1.8,0.0,0.0,0.0,0.15,0.0,-0.0,0.0,0.0,3,0.0,0.0,0.0,14920.0,0,3020.0,10.1,13.9,16.8,16.3,0.139,0.162,0.194,0.218,0.23,0
2025-04-07T01:00,12.6,92,11.3,12.5,1016.8,975.8,99,0,0,99,3.1,1.5,1.3,1.5,135,45,34,135,3.2,0.0,0.0,0.0,0.12,0.0,-0.0,0.0,0.0,3,0.0,0.0,0.0,9920.0,0,3180.0,9.6,13.4,16.5,16.3,0.141,0.162,0.194,0.218,0.23,0
2025-04-07T02:00,11.7,94,10.8,11.6,1016.2,975.1,9,0,0,9,2.7,2.9,3.2,4.6,157,97,117,135,5.4,0.0,0.0,0.0,0.08,0.0,0.0,0.0,0.0,1,0.0,0.0,0.0,6120.0,0,3220.0,9.4,12.9,16.3,16.3,0.143,0.162,0.193,0.218,0.23,0
2025-04-07T03:00,11.3,96,10.7,11.1,1016.0,974.8,22,13,0,9,3.2,2.5,3.2,4.3,153,98,117,132,4.0,0.0,0.0,0.0,0.05,0.0,0.0,0.0,0.0,1,0.0,0.0,0.0,4420.0,0,3230.0,8.8,12.5,16.0,16.3,0.145,0.162,0.193,0.218,0.23,0
2025-04-07T04:00,10.7,98,10.4,10.3,1016.0,974.7,70,45,0,39,3.8,5.1,5.5,5.6,139,98,101,105,6.5,0.0,0.0,0.0,0.03,0.0,0.0,0.0,0.0,45,0.0,0.0,0.0,2740.0,0,3250.0,9.2,12.1,15.7,16.3,0.147,0.162,0.193,0.218,0.23,0
2025-04-07T05:00,10.3,98,10.0,9.9,1016.4,975.1,68,50,0,33,3.1,5.3,6.9,7.1,126,62,62,60,6.5,0.0,0.0,0.0,0.03,0.0,0.0,0.0,0.0,45,0.0,0.0,0.0,2180.0,0,3270.0,8.9,12.0,15.4,16.3,0.148,0.162,0.193,0.218,0.23,0
2025-04-07T06:00,10.6,97,10.1,10.1,1016.9,975.6,69,38,0,42,3.7,8.8,11.3,12.6,119,55,53,53,8.3,0.0,0.0,0.0,0.04,0.0,0.0,0.0,0.0,45,0.0,0.0,0.0,3040.0,0,3300.0,8.9,11.7,15.2,16.3,0.15,0.162,0.193,0.218,0.23,0
2025-04-07T07:00,11.4,97,10.9,11.2,1017.4,976.2,67,40,0,38,2.9,9.4,12.8,14.0,120,58,58,61,8.6,48.0,20.0,28.0,0.04,0.0,0.0,0.01,0.0,45,0.0,0.0,0.0,3080.0,0,3320.0,11.9,11.8,14.9,16.3,0.151,0.162,0.193,0.218,0.23,1
2025-04-07T08:00,14.2,90,12.6,14.6,1017.4,976.6,47,18,0,32,3.2,7.7,12.0,13.7,90,79,74,76,10.8,236.0,158.0,78.0,0.16,0.0,0.02,0.11,0.0,1,0.0,0.0,0.0,7200.0,0,3350.0,18.3,13.1,14.8,16.3,0.152,0.162,0.193,0.217,0.23,1
2025-04-07T09:00,16.8,77,12.8,16.7,1017.5,977.0,21,18,0,4,6.8,8.3,8.6,8.6,90,90,90,90,15.8,456.0,366.0,90.0,0.44,0.0,0.11,0.24,0.0,0,0.0,0.0,0.0,29140.0,0,3380.0,22.3,15.3,14.8,16.2,0.15,0.163,0.193,0.217,0.23,1
2025-04-07T10:00,18.7,67,12.5,18.6,1017.3,977.1,100,28,0,100,8.6,10.0,10.0,10.4,68,69,69,70,19.1,603.0,413.0,190.0,0.71,0.0,0.2,0.35,0.0,3,0.0,0.0,0.0,49380.0,0,3400.0,24.1,17.4,15.0,16.2,0.146,0.163,0.192,0.217,0.23,1
2025-04-07T11:00,20.4,60,12.4,20.7,1016.4,976.4,100,13,0,100,10.8,12.6,12.9,12.9,64,66,67,67,23.8,747.0,524.0,223.0,0.96,0.0,0.26,0.45,0.0,3,0.0,0.0,0.0,59200.0,0,3440.0,27.1,19.1,15.3,16.2,0.141,0.162,0.191,0.217,0.23,1
2025-04-07T12:00,22.1,53,12.1,23.4,1015.8,976.1,93,32,0,84,9.4,10.3,10.3,10.6,58,61,61,62,24.1,885.0,735.0,150.0,1.25,0.0,0.3,0.56,0.0,3,0.0,0.0,0.0,67720.0,0,3480.0,30.1,20.9,15.7,16.2,0.134,0.162,0.191,0.216,0.23,1
2025-04-07T13:00,23.3,48,11.7,24.8,1015.2,975.7,68,32,0,50,7.9,8.7,8.4,8.4,47,48,50,50,21.2,897.0,707.0,190.0,1.49,10.0,0.31,0.59,0.0,2,0.0,0.0,0.0,72580.0,0,3490.0,31.0,22.5,16.2,16.2,0.127,0.162,0.19,0.216,0.23,1
2025-04-07T14:00,24.1,44,11.1,25.1,1014.4,975.0,49,35,0,18,8.7,9.7,9.7,10.0,48,51,51,52,19.8,876.0,704.0,172.0,1.68,10.0,0.31,0.58,0.0,2,0.0,0.0,0.0,74680.0,0,3550.0,31.0,23.7,16.7,16.2,0.12,0.161,0.189,0.215,0.23,1
2025-04-07T15:00,24.4,41,10.3,24.3,1013.7,974.4,96,30,0,91,10.5,12.0,12.2,12.2,41,41,43,43,23.0,772.0,600.0,172.0,1.81,10.0,0.27,0.53,0.0,3,0.0,0.0,0.0,75640.0,0,3590.0,29.4,24.2,17.3,16.2,0.114,0.16,0.189,0.215,0.229,1
2025-04-07T16:00,24.1,42,10.4,22.8,1013.3,973.9,51,21,0,33,12.3,15.1,15.6,15.6,38,38,38,38,27.0,616.0,466.0,150.0,1.74,10.0,0.23,0.44,0.0,2,0.0,0.0,0.0,75760.0,0,3660.0,26.6,24.1,17.8,16.2,0.111,0.16,0.188,0.214,0.229,1
2025-04-07T17:00,23.4,44,10.4,21.6,1013.5,974.0,7,7,0,0,13.0,17.4,17.9,18.1,39,40,40,41,27.7,432.0,345.0,87.0,1.61,10.0,0.17,0.32,0.0,1,0.0,0.0,0.0,75400.0,0,3700.0,23.9,23.4,18.2,16.2,0.109,0.159,0.188,0.214,0.229,1
2025-04-07T18:00,22.2,47,10.3,20.4,1013.7,974.1,8,5,0,3,13.2,21.4,22.7,22.9,43,44,44,45,28.1,220.0,165.0,55.0,1.42,0.0,0.11,0.19,0.0,1,0.0,0.0,0.0,75200.0,0,3770.0,20.9,22.2,18.5,16.3,0.108,0.158,0.187,0.214,0.229,1
2025-04-07T19:00,20.0,53,10.1,18.7,1014.0,974.1,7,0,0,7,8.9,21.8,25.5,26.7,40,39,42,44,27.0,36.0,20.0,16.0,1.1,0.0,0.04,0.07,0.0,0,0.0,0.0,0.0,72360.0,0,3840.0,17.4,20.8,18.7,16.3,0.109,0.158,0.187,0.214,0.229,0
2025-04-07T20:00,17.8,67,11.6,17.1,1014.8,974.5,34,0,0,34,8.1,18.7,22.9,26.5,13,19,24,37,19.4,0.0,0.0,0.0,0.67,0.0,0.02,0.02,0.0,1,0.0,0.0,0.0,57720.0,0,3840.0,16.0,19.4,18.7,16.3,0.11,0.157,0.187,0.214,0.229,0
2025-04-07T21:00,16.1,88,14.1,16.6,1015.0,974.5,7,0,0,7,6.0,15.1,23.5,27.8,25,28,32,47,17.6,0.0,0.0,0.0,0.22,0.0,0.01,0.0,0.0,1,0.0,0.0,0.0,18980.0,0,3850.0,14.7,18.2,18.6,16.3,0.113,0.156,0.187,0.214,0.229,0
2025-04-07T22:00,15.1,86,12.8,15.3,1014.9,974.3,0,0,0,0,4.6,15.9,23.4,26.1,45,39,43,57,14.0,0.0,0.0,0.0,0.24,0.0,-0.0,0.0,0.0,0,0.0,0.0,0.0,23220.0,0,3840.0,13.5,17.2,18.5,16.3,0.116,0.156,0.187,0.214,0.229,0
2025-04-07T23:00,14.4,87,12.2,14.4,1014.8,974.1,11,0,0,11,4.4,15.1,22.2,25.2,81,57,58,71,12.6,0.0,0.0,0.0,0.21,0.0,-0.0,0.0,0.0,1,0.0,0.0,0.0,21900.0,0,3840.0,12.7,16.3,18.3,16.4,0.118,0.155,0.187,0.214,0.229,0
2025-04-08T00:00,14.1,86,11.8,14.1,1014.4,973.7,0,0,0,0,4.0,15.3,21.5,24.9,95,66,69,80,12.6,0.0,0.0,0.0,0.23,0.0,-0.0,0.0,0.0,0,0.0,0.0,0.0,24220.0,0,3880.0,12.2,15.7,18.0,16.4,0.121,0.155,0.187,0.214,0.229,0
2025-04-08T01:00,14.1,83,11.2,13.9,1014.0,973.3,78,0,0,78,3.9,13.2,19.3,23.1,112,73,76,85,11.9,0.0,0.0,0.0,0.27,0.0,-0.0,0.0,0.0,3,0.0,0.0,0.0,33280.0,0,3900.0,11.5,15.1,17.8,16.4,0.123,0.155,0.187,0.214,0.229,0
2025-04-08T02:00,13.9,80,10.5,13.4,1013.4,972.7,14,0,0,14,4.3,14.4,20.5,24.9,114,77,80,85,11.9,0.0,0.0,0.0,0.32,0.0,-0.0,0.0,0.0,1,0.0,0.0,0.0,38980.0,0,3920.0,11.3,14.6,17.5,16.4,0.126,0.154,0.187,0.214,0.229,0
2025-04-08T03:00,13.6,78,9.8,12.9,1012.8,972.1,3,0,0,3,4.4,13.8,19.9,24.5,125,84,85,89,11.5,0.0,0.0,0.0,0.34,0.0,-0.0,0.0,0.0,0,0.0,0.0,0.0,44460.0,0,3910.0,10.9,14.2,17.2,16.4,0.128,0.154,0.187,0.214,0.229,0
2025-04-08T04:00,13.0,78,9.3,12.1,1012.5,971.7,18,0,0,18,5.1,13.4,19.0,23.8,141,104,100,100,12.6,0.0,0.0,0.0,0.33,0.0,-0.0,0.0,0.0,1,0.0,0.0,0.0,42420.0,0,3930.0,10.8,13.8,17.0,16.4,0.13,0.154,0.187,0.213,0.229,0
2025-04-08T05:00,12.4,80,9.1,11.5,1012.4,971.5,64,0,0,64,4.9,12.9,18.6,22.8,144,117,112,111,13.0,0.0,0.0,0.0,0.29,0.0,-0.0,0.0,0.0,2,0.0,0.0,0.0,37480.0,0,3940.0,10.5,13.5,16.7,16.4,0.132,0.154,0.186,0.213,0.229,0
2025-04-08T06:00,12.0,83,9.2,11.0,1012.6,971.6,100,0,0,100,5.4,11.1,16.2,19.1,143,126,122,122,13.0,0.0,0.0,0.0,0.24,0.0,-0.0,0.0,0.0,3,0.0,0.0,0.0,29840.0,0,3950.0,10.1,13.2,16.4,16.4,0.133,0.154,0.186,0.213,0.229,0
2025-04-08T07:00,14.1,77,10.2,13.3,1012.7,972.0,87,0,0,87,5.9,10.4,16.3,18.6,142,134,133,133,13.7,77.0,59.0,18.0,0.37,0.0,0.01,0.02,0.0,2,0.0,0.0,0.0,42220.0,0,3970.0,14.1,13.9,16.2,16.4,0.134,0.154,0.186,0.213,0.229,1
2025-04-08T08:00,17.3,67,11.1,16.7,1012.7,972.5,73,0,0,73,6.4,9.4,16.4,18.2,137,137,140,142,14.4,257.0,197.0,60.0,0.65,0.0,0.02,0.14,0.0,2,0.0,0.0,0.0,54620.0,0,4000.0,19.9,15.1,16.0,16.4,0.135,0.154,0.186,0.213,0.229,1
2025-04-08T09:00,20.6,57,11.8,20.2,1012.6,972.8,60,0,0,60,6.4,8.4,15.8,17.2,133,137,145,147,15.1,434.0,336.0,98.0,1.04,0.0,0.06,0.27,0.0,2,0.0,0.0,0.0,67000.0,0,4020.0,25.2,16.8,16.0,16.4,0.133,0.154,0.186,0.213,0.229,1
2025-04-08T10:00,23.7,48,12.0,23.8,1012.1,972.7,65,0,0,65,6.1,7.6,13.2,14.3,130,135,145,146,15.5,611.0,488.0,123.0,1.52,0.0,0.13,0.41,0.0,2,0.0,0.0,0.0,70840.0,0,4020.0,29.5,19.1,16.2,16.4,0.128,0.154,0.186,0.213,0.229,1
2025-04-08T11:00,26.8,39,11.7,27.9,1011.5,972.6,71,0,0,71,5.7,7.4,9.4,9.9,125,129,137,136,16.2,777.0,644.0,133.0,2.15,0.0,0.23,0.55,0.0,2,0.0,0.0,0.0,74680.0,0,4010.0,33.2,21.9,16.5,16.4,0.12,0.153,0.185,0.212,0.229,1
2025-04-08T12:00,29.3,31,10.4,30.8,1010.8,972.2,76,0,0,76,5.3,6.8,6.8,7.1,118,122,122,120,16.6,894.0,762.0,132.0,2.81,0.0,0.3,0.65,0.0,2,0.0,0.0,0.0,78520.0,0,4010.0,35.9,24.3,17.0,16.4,0.112,0.153,0.185,0.212,0.229,1
2025-04-08T13:00,31.0,26,9.3,32.6,1010.0,971.6,71,0,0,71,4.8,5.8,5.4,5.7,103,112,110,108,15.8,938.0,818.0,120.0,3.33,0.0,0.33,0.7,0.0,2,0.0,0.0,0.0,79780.0,0,4010.0,37.4,26.1,17.6,16.4,0.104,0.152,0.185,0.211,0.229,1
2025-04-08T14:00,32.2,22,7.8,33.1,1009.2,971.0,65,0,0,65,5.1,5.4,5.1,5.1,82,94,94,94,15.5,912.0,809.0,103.0,3.75,10.0,0.34,0.69,0.0,2,0.0,0.0,0.0,81040.0,0,4000.0,37.7,27.6,18.4,16.4,0.096,0.152,0.185,0.211,0.228,1
2025-04-08T15:00,32.6,20,6.8,32.6,1008.6,970.5,60,0,0,60,5.8,6.7,6.7,6.6,68,74,74,77,14.8,813.0,720.0,93.0,3.94,10.0,0.33,0.62,0.0,2,0.0,0.0,0.0,82300.0,0,4000.0,36.9,28.4,19.1,16.4,0.09,0.151,0.185,0.21,0.228,1
2025-04-08T16:00,32.2,20,6.4,30.8,1008.3,970.2,73,0,0,73,8.2,13.0,13.5,12.9,61,62,61,63,18.0,660.0,566.0,94.0,3.85,20.0,0.29,0.53,0.0,3,0.0,0.0,0.0,81940.0,0,4000.0,34.2,28.5,19.7,16.5,0.086,0.15,0.185,0.21,0.228,1
2025-04-08T17:00,31.2,21,6.3,28.6,1008.2,969.9,87,0,0,87,11.0,20.7,22.0,21.8,58,59,58,59,21.2,464.0,376.0,88.0,3.59,20.0,0.24,0.42,0.0,3,0.0,0.0,0.0,81580.0,0,4010.0,30.2,27.9,20.3,16.5,0.084,0.15,0.184,0.209,0.228,1
2025-04-08T18:00,29.7,25,7.6,27.4,1008.4,969.9,100,0,0,100,11.3,23.7,25.9,26.4,59,60,61,62,24.5,247.0,184.0,63.0,3.13,30.0,0.18,0.26,0.0,3,0.0,0.0,0.0,81220.0,0,4010.0,26.7,27.0,20.8,16.5,0.083,0.149,0.184,0.209,0.228,1
2025-04-08T19:00,27.8,31,9.1,26.6,1009.1,970.4,100,0,27,99,6.8,17.2,21.4,24.8,65,70,73,77,23.0,57.0,36.0,21.0,2.58,40.0,0.13,0.08,0.0,3,0.0,0.0,0.0,79100.0,1,3920.0,24.4,25.7,21.0,16.6,0.083,0.149,0.184,0.209,0.228,0
2025-04-08T20:00,25.5,40,10.9,25.5,1010.1,971.0,100,0,53,99,1.9,9.0,15.6,23.1,158,113,105,101,21.6,0.0,0.0,0.0,1.96,40.0,0.07,0.01,0.0,3,0.0,0.0,0.0,77000.0,3,3840.0,22.6,24.2,21.2,16.6,0.085,0.148,0.184,0.209,0.228,0
2025-04-08T21:00,23.4,48,11.8,23.1,1010.8,971.5,100,0,80,98,5.8,10.9,15.1,22.7,210,171,142,123,20.2,0.0,0.0,0.0,1.5,50.0,0.03,0.04,0.0,3,0.0,0.0,0.0,74880.0,4,3750.0,20.9,22.8,21.2,16.6,0.087,0.148,0.184,0.209,0.228,0
2025-04-08T22:00,21.7,55,12.2,21.5,1011.0,971.4,100,0,67,99,6.1,13.0,15.6,18.9,208,185,165,141,18.7,0.0,0.0,0.0,1.17,50.0,0.01,0.03,0.0,3,0.0,0.0,0.0,68660.0,6,3760.0,19.4,21.7,21.2,16.7,0.089,0.148,0.184,0.209,0.228,0
2025-04-08T23:00,20.1,62,12.6,20.2,1010.8,971.0,100,0,55,99,4.9,12.9,15.9,15.4,197,193,186,169,17.3,0.0,0.0,0.0,0.9,50.0,0.01,0.01,0.0,3,0.0,0.0,0.0,62460.0,7,3770.0,18.0,20.8,21.1,16.7,0.091,0.147,0.184,0.209,0.228,0
2025-04-09T00:00,18.9,68,12.8,19.2,1010.6,970.7,100,0,42,100,4.0,11.9,16.2,15.0,175,194,197,191,15.8,0.0,0.0,0.0,0.7,50.0,0.01,0.0,0.0,3,0.0,0.0,0.0,56240.0,8,3780.0,16.9,20.0,20.9,16.8,0.093,0.147,0.184,0.209,0.228,0
2025-04-09T01:00,17.9,72,12.8,18.1,1010.3,970.2,97,0,56,86,4.6,10.8,15.0,14.9,162,184,191,187,14.4,0.0,0.0,0.0,0.57,60.0,0.01,0.0,0.0,3,0.0,0.0,0.0,52380.0,8,3770.0,16.2,19.3,20.7,16.8,0.095,0.146,0.184,0.209,0.228,0
2025-04-09T02:00,17.2,75,12.7,17.2,1010.0,969.9,95,0,70,71,5.5,9.7,13.0,14.3,148,165,174,168,13.0,0.0,0.0,0.0,0.49,80.0,0.01,0.0,0.0,3,0.0,0.0,0.0,48520.0,7,3760.0,15.8,18.6,20.4,16.8,0.097,0.146,0.183,0.208,0.228,0
2025-04-09T03:00,16.8,75,12.3,16.7,1009.7,969.5,92,0,84,57,5.7,8.4,10.5,12.7,145,149,158,155,11.5,0.0,0.0,0.0,0.48,80.0,0.01,0.0,0.0,3,0.0,0.0,0.0,44660.0,6,3750.0,15.2,18.1,20.1,16.8,0.099,0.145,0.183,0.208,0.228,0
2025-04-09T04:00,16.7,72,11.6,16.6,1009.6,969.4,95,0,56,71,4.2,3.3,3.5,5.3,149,139,156,152,10.1,0.0,0.0,0.0,0.53,60.0,0.01,0.0,0.0,3,0.0,0.0,0.0,52380.0,5,3770.0,13.8,17.4,19.8,16.9,0.101,0.145,0.183,0.208,0.228,0
2025-04-09T05:00,16.9,68,10.9,16.9,1009.6,969.4,97,0,28,86,1.8,3.4,5.2,4.8,169,328,326,333,8.6,0.0,0.0,0.0,0.62,20.0,-0.0,0.0,0.0,3,0.0,0.0,0.0,60080.0,4,3780.0,12.2,16.8,19.5,16.9,0.103,0.145,0.183,0.208,0.228,0
2025-04-09T06:00,17.4,63,10.3,17.3,1009.6,969.5,100,0,0,100,1.3,7.5,10.7,10.9,236,325,327,333,7.2,0.0,0.0,0.0,0.74,0.0,-0.0,0.0,0.0,3,0.0,0.0,0.0,67800.0,3,3800.0,12.3,16.6,19.3,16.9,0.105,0.145,0.183,0.208,0.228,0
2025-04-09T07:00,18.5,58,10.1,18.4,1009.8,969.8,100,0,33,100,1.1,6.2,8.6,8.0,252,324,327,333,6.8,63.0,29.0,34.0,0.9,0.0,0.01,0.01,0.0,3,0.0,0.0,0.0,69340.0,2,3780.0,15.5,17.1,19.0,16.9,0.107,0.145,0.183,0.208,0.228,1
2025-04-09T08:00,20.0,54,10.4,20.0,1010.1,970.3,100,0,67,100,1.0,2.3,3.3,1.1,225,309,319,342,6.8,214.0,100.0,114.0,1.08,0.0,0.03,0.12,0.0,3,0.0,0.0,0.0,70860.0,1,3760.0,20.3,18.1,18.8,17.0,0.108,0.144,0.183,0.208,0.227,1
2025-04-09T09:00,21.3,51,10.7,21.3,1010.2,970.6,100,0,100,100,1.1,1.3,1.3,3.1,252,236,236,159,6.5,350.0,158.0,192.0,1.24,0.0,0.05,0.22,0.0,3,0.0,0.0,0.0,72400.0,0,3740.0,24.4,19.2,18.6,17.0,0.108,0.144,0.183,0.208,0.227,1
2025-04-09T10:00,22.2,51,11.6,22.3,1010.1,970.6,100,0,91,100,2.4,2.2,1.8,1.5,297,279,270,194,13.3,440.0,169.0,271.0,1.31,30.0,0.09,0.29,0.0,3,0.0,0.0,0.0,71200.0,0,3720.0,27.0,20.1,18.6,17.0,0.107,0.144,0.183,0.208,0.227,1
2025-04-09T11:00,22.8,52,12.5,22.9,1009.8,970.4,100,0,83,100,4.9,4.9,4.7,3.7,306,306,302,299,20.2,480.0,134.0,346.0,1.33,70.0,0.13,0.34,0.0,3,0.0,0.0,0.0,70000.0,0,3690.0,28.8,21.1,18.8,17.0,0.104,0.143,0.183,0.207,0.227,1
2025-04-09T12:00,23.2,53,13.1,23.1,1009.6,970.3,100,0,74,100,7.9,9.0,9.0,9.0,300,299,299,299,27.0,501.0,102.0,399.0,1.34,120.0,0.17,0.36,0.0,3,0.0,0.0,0.0,68800.0,0,3670.0,29.4,22.0,19.0,17.0,0.102,0.143,0.183,0.207,0.227,1
2025-04-09T13:00,23.3,53,13.2,22.5,1009.3,970.0,100,8,83,100,12.3,15.8,15.8,16.2,285,282,282,282,33.8,545.0,129.0,416.0,1.35,210.0,0.19,0.4,0.0,3,0.0,0.0,0.0,67440.0,3,3610.0,28.0,23.1,19.3,17.0,0.099,0.143,0.183,0.207,0.227,1
2025-04-09T14:00,23.2,54,13.4,21.7,1009.0,969.7,100,15,91,100,18.4,25.2,25.2,25.6,276,273,272,272,40.7,579.0,179.0,400.0,1.31,320.0,0.2,0.41,0.0,3,0.0,0.0,0.0,66100.0,8,3560.0,25.4,24.1,19.6,17.0,0.096,0.142,0.182,0.206,0.227,1
2025-04-09T15:00,22.5,56,13.3,20.3,1009.0,969.6,100,23,100,100,22.4,31.7,32.1,32.4,274,273,273,272,47.5,532.0,181.0,351.0,1.2,360.0,0.19,0.38,0.0,3,0.0,0.0,0.0,64740.0,13,3500.0,22.9,24.5,19.9,17.0,0.094,0.142,0.182,0.206,0.227,1
2025-04-09T16:00,20.9,62,13.3,18.5,1009.3,969.7,100,35,90,100,23.5,34.7,35.5,36.2,281,283,283,283,46.1,390.0,116.0,274.0,0.94,270.0,0.15,0.28,0.0,3,0.0,0.0,0.0,53100.0,18,3490.0,20.9,23.6,20.0,17.1,0.093,0.142,0.182,0.206,0.227,1
2025-04-09T17:00,18.8,71,13.4,16.5,1010.0,970.1,100,48,80,100,23.1,36.6,38.5,39.6,293,295,296,296,44.6,227.0,43.0,184.0,0.63,120.0,0.1,0.17,0.0,3,0.0,0.0,0.0,41460.0,24,3470.0,19.0,22.0,20.1,17.1,0.094,0.142,0.182,0.205,0.227,1
2025-04-09T18:00,17.1,78,13.2,15.1,1010.7,970.5,100,60,70,100,20.7,34.7,37.1,38.9,301,303,304,304,43.2,103.0,6.0,97.0,0.43,0.0,0.06,0.09,0.0,3,0.0,0.0,0.0,29820.0,28,3460.0,17.5,20.6,20.1,17.1,0.097,0.142,0.182,0.205,0.227,1
2025-04-09T19:00,16.2,83,13.3,15.4,1011.8,971.5,100,58,75,100,12.6,22.8,25.6,28.9,301,301,302,303,36.7,25.0,0.0,25.0,0.31,0.0,0.04,0.04,0.2,80,0.0,0.2,0.0,23380.0,31,3420.0,16.6,19.7,20.0,17.1,0.104,0.142,0.182,0.205,0.227,0
2025-04-09T20:00,15.7,86,13.4,16.5,1013.0,972.5,100,55,80,100,1.9,6.5,9.1,13.2,248,270,279,292,30.2,0.0,0.0,0.0,0.25,0.0,0.02,0.0,0.2,80,0.0,0.2,0.0,16940.0,35,3390.0,16.2,18.9,19.9,17.2,0.114,0.141,0.182,0.205,0.227,0
2025-04-09T21:00,15.3,89,13.5,15.4,1013.7,973.2,100,53,85,100,6.9,8.7,7.6,4.2,141,156,172,211,23.8,0.0,0.0,0.0,0.19,0.0,0.01,0.0,0.2,80,0.0,0.2,0.0,10500.0,37,3350.0,15.7,18.2,19.7,17.2,0.121,0.141,0.182,0.205,0.227,0
2025-04-09T22:00,14.7,91,13.3,14.7,1013.6,973.0,100,37,57,100,7.7,11.2,11.1,8.5,131,138,144,144,19.8,0.0,0.0,0.0,0.15,0.0,0.01,0.0,0.0,3,0.0,0.0,0.0,9500.0,40,3350.0,14.8,17.5,19.4,17.2,0.125,0.141,0.182,0.205,0.227,0
2025-04-09T23:00,14.3,92,13.0,14.5,1013.0,972.3,100,21,28,100,5.0,9.5,11.9,13.4,111,119,125,126,15.5,0.0,0.0,0.0,0.13,0.0,0.01,0.0,0.0,3,0.0,0.0,0.0,8500.0,42,3350.0,13.7,16.9,19.2,17.2,0.126,0.142,0.181,0.205,0.227,0
2025-04-10T00:00,13.9,93,12.8,14.3,1012.5,971.8,100,5,0,100,3.6,8.6,12.6,16.9,84,105,114,119,11.5,0.0,0.0,0.0,0.11,0.0,0.01,0.0,0.0,3,0.0,0.0,0.0,7500.0,43,3350.0,13.0,16.5,19.0,17.2,0.127,0.142,0.181,0.205,0.227,0
2025-04-10T01:00,13.8,94,12.8,14.0,1012.1,971.4,100,11,33,100,4.9,10.8,14.2,16.3,73,90,99,108,10.8,0.0,0.0,0.0,0.09,0.0,0.0,0.0,0.1,3,0.0,0.1,0.0,24140.0,49,3350.0,13.2,15.7,18.1,16.7,0.122,0.145,0.181,0.205,0.227,0
2025-04-10T02:00,13.9,94,12.9,14.1,1011.7,971.0,100,17,67,100,5.1,13.0,16.3,17.8,82,92,98,104,12.6,0.0,0.0,0.0,0.1,0.0,0.0,0.0,0.1,3,0.0,0.1,0.0,24140.0,50,3320.0,13.5,15.5,17.9,16.7,0.122,0.144,0.182,0.205,0.227,0
2025-04-10T03:00,14.0,94,13.0,14.2,1011.3,970.7,100,23,100,100,5.1,13.7,16.6,17.9,86,92,95,99,14.4,0.0,0.0,0.0,0.1,0.0,0.0,0.0,0.1,3,0.0,0.1,0.0,24140.0,50,3300.0,13.7,15.4,17.7,16.7,0.13,0.148,0.182,0.205,0.227,0
2025-04-10T04:00,14.0,94,13.0,14.2,1011.1,970.5,100,21,100,100,5.1,12.6,14.8,15.9,82,87,89,93,12.6,0.0,0.0,0.0,0.1,0.0,0.0,0.0,0.9,61,0.0,0.6,0.0,24140.0,49,3280.0,13.7,15.3,17.5,16.7,0.155,0.161,0.183,0.205,0.227,0
2025-04-10T05:00,13.9,95,13.1,14.2,1011.0,970.4,100,19,100,100,4.8,10.4,12.1,12.4,77,76,78,80,11.2,0.0,0.0,0.0,0.08,0.0,0.0,0.0,0.9,61,0.0,0.6,0.0,24140.0,49,3270.0,13.7,15.2,17.3,16.8,0.189,0.178,0.183,0.205,0.226,0
2025-04-10T06:00,14.1,95,13.3,14.5,1011.0,970.4,100,17,100,100,4.2,8.2,9.4,9.7,70,67,67,68,9.4,0.0,0.0,0.0,0.08,0.0,0.0,0.0,0.9,61,0.0,0.6,0.0,24140.0,47,3250.0,14.0,15.3,17.1,16.8,0.214,0.194,0.185,0.205,0.226,0
2025-04-10T07:00,14.4,95,13.6,15.1,1011.3,970.7,100,24,100,100,3.1,5.6,6.4,6.8,69,63,63,65,9.4,17.0,0.0,17.0,0.08,0.0,0.0,0.02,0.6,80,0.0,0.5,0.0,24140.0,46,3250.0,14.6,15.4,17.0,16.8,0.223,0.209,0.188,0.205,0.226,1
2025-04-10T08:00,14.9,94,13.9,15.9,1011.8,971.3,100,30,100,100,1.6,2.4,3.0,3.6,63,63,76,84,9.4,53.0,0.0,53.0,0.1,0.0,0.0,0.04,0.6,80,0.0,0.5,0.0,24140.0,45,3240.0,15.4,15.6,16.8,16.8,0.224,0.223,0.191,0.205,0.226,1
2025-04-10T09:00,15.5,93,14.4,16.9,1012.1,971.6,100,37,100,100,0.7,0.8,1.8,2.6,90,117,127,124,9.4,92.0,0.0,92.0,0.12,0.0,0.0,0.07,0.6,80,0.0,0.5,0.0,24140.0,43,3240.0,16.5,15.9,16.7,16.8,0.221,0.232,0.195,0.205,0.226,1
2025-04-10T10:00,16.5,91,15.0,17.8,1012.2,971.9,100,38,89,100,2.9,3.3,3.8,4.6,120,131,131,129,15.5,151.0,2.0,149.0,0.17,30.0,0.0,0.1,0.2,3,0.0,0.2,0.0,24140.0,42,3240.0,18.1,16.6,16.7,16.8,0.216,0.233,0.199,0.205,0.226,1
2025-04-10T11:00,17.7,88,15.7,18.8,1012.2,972.0,100,38,79,100,5.8,6.5,7.0,7.5,120,124,125,125,21.2,230.0,9.0,221.0,0.24,70.0,0.0,0.15,0.2,3,0.0,0.2,0.0,24140.0,41,3230.0,19.9,17.4,16.7,16.7,0.207,0.228,0.204,0.204,0.226,1
2025-04-10T12:00,18.8,83,15.9,19.9,1012.1,972.1,100,39,68,100,6.5,7.5,7.5,8.0,124,125,125,126,27.4,325.0,45.0,280.0,0.37,90.0,0.0,0.21,0.2,3,0.0,0.2,0.0,24140.0,40,3230.0,21.5,18.3,16.8,16.7,0.197,0.222,0.207,0.204,0.226,1
2025-04-10T13:00,19.9,74,15.1,21.2,1011.7,971.9,100,38,61,99,2.9,3.7,3.7,3.7,150,151,151,151,24.1,446.0,138.0,308.0,0.6,70.0,0.0,0.29,0.0,3,0.0,0.0,0.0,24140.0,39,3260.0,22.8,19.3,17.0,16.7,0.185,0.214,0.209,0.204,0.226,1
2025-04-10T14:00,20.8,63,13.5,21.4,1011.2,971.5,99,37,55,98,4.3,4.7,4.7,4.8,265,261,261,257,20.5,556.0,249.0,307.0,0.91,30.0,0.0,0.36,0.0,3,0.0,0.0,0.0,24140.0,39,3300.0,23.9,20.3,17.2,16.7,0.172,0.205,0.21,0.203,0.226,1
2025-04-10T15:00,21.3,56,12.2,21.0,1010.9,971.3,99,36,48,97,8.1,9.3,9.3,9.3,283,283,283,283,17.3,584.0,304.0,280.0,1.12,0.0,0.0,0.38,0.0,3,0.0,0.0,0.0,24140.0,39,3330.0,24.1,20.9,17.5,16.7,0.161,0.197,0.211,0.203,0.226,1
2025-04-10T16:00,21.2,55,11.8,20.6,1010.8,971.2,99,37,48,97,8.4,10.6,10.8,10.8,301,305,307,307,17.6,517.0,288.0,229.0,1.13,0.0,0.0,0.34,0.0,3,0.0,0.0,0.0,24140.0,38,3370.0,22.7,21.0,17.7,16.7,0.153,0.19,0.212,0.203,0.226,1
2025-04-10T17:00,20.7,57,11.9,20.1,1010.9,971.2,99,39,49,96,7.9,12.4,12.6,12.7,330,334,333,331,17.6,387.0,224.0,163.0,1.05,0.0,0.0,0.25,0.0,3,0.0,0.0,0.0,24140.0,38,3410.0,20.4,20.7,18.0,16.8,0.148,0.185,0.212,0.202,0.225,1
2025-04-10T18:00,19.9,62,12.4,19.4,1011.2,971.4,99,40,49,96,8.4,14.6,15.3,15.6,353,351,352,352,18.0,215.0,123.0,92.0,0.88,0.0,0.0,0.14,0.0,3,0.0,0.0,0.0,24140.0,37,3450.0,18.5,20.1,18.1,16.8,0.144,0.18,0.213,0.202,0.225,1
2025-04-10T19:00,18.8,71,13.4,18.6,1011.7,971.7,90,37,53,64,8.3,15.5,17.8,19.7,5,4,7,8,17.3,51.0,26.0,25.0,0.63,20.0,0.0,0.04,0.0,2,0.0,0.0,0.0,24140.0,37,3450.0,17.2,19.3,18.2,16.8,0.142,0.177,0.213,0.202,0.225,0
2025-04-10T20:00,17.4,82,14.3,17.7,1012.3,972.1,81,35,56,32,7.9,16.3,20.6,24.5,16,18,19,22,16.6,0.0,0.0,0.0,0.36,40.0,0.0,0.0,0.0,2,0.0,0.0,0.0,24140.0,36,3440.0,16.3,18.3,18.2,16.8,0.143,0.175,0.214,0.203,0.225,0
2025-04-10T21:00,16.4,90,14.7,16.9,1012.8,972.4,72,32,60,0,7.4,16.9,22.7,28.0,29,29,29,32,15.8,0.0,0.0,0.0,0.19,50.0,0.0,0.0,0.0,2,0.0,0.0,0.0,24140.0,36,3440.0,15.6,17.5,18.1,16.8,0.143,0.174,0.214,0.203,0.225,0
2025-04-10T22:00,15.9,93,14.8,16.4,1012.9,972.5,73,33,60,3,7.4,17.1,23.0,28.6,39,39,40,42,16.2,0.0,0.0,0.0,0.13,40.0,0.0,0.0,0.0,2,0.0,0.0,0.0,24140.0,35,3400.0,15.3,17.0,18.0,16.8,0.143,0.173,0.214,0.203,0.225,0
2025-04-10T23:00,15.8,94,14.8,16.3,1012.8,972.4,74,33,61,5,7.1,17.1,22.3,28.1,45,49,52,54,16.9,0.0,0.0,0.0,0.11,20.0,0.0,0.0,0.0,2,0.0,0.0,0.0,24140.0,34,3370.0,15.2,16.8,17.9,16.8,0.142,0.172,0.214,0.203,0.225,0
2025-04-11T00:00,15.6,94,14.7,16.2,1012.7,972.2,75,34,61,8,6.9,16.7,22.1,27.4,51,57,62,63,17.3,0.0,0.0,0.0,0.11,10.0,0.0,0.0,0.0,2,0.0,0.0,0.0,24140.0,33,3330.0,15.0,16.5,17.8,16.8,0.142,0.171,0.214,0.203,0.225,0
2025-04-11T01:00,15.3,94,14.3,15.8,1012.6,972.1,70,38,53,5,6.4,16.1,20.9,26.0,52,61,66,68,15.5,0.0,0.0,0.0,0.1,0.0,0.0,0.0,0.0,2,0.0,0.0,0.0,24140.0,31,3320.0,14.6,16.2,17.6,16.8,0.141,0.171,0.214,0.203,0.225,0
2025-04-11T02:00,14.9,94,13.9,15.3,1012.4,971.8,66,43,46,3,5.6,14.7,19.2,23.3,50,62,67,70,14.0,0.0,0.0,0.0,0.1,0.0,0.0,0.0,0.0,2,0.0,0.0,0.0,24140.0,29,3320.0,14.1,15.9,17.5,16.8,0.141,0.17,0.215,0.203,0.225,0
2025-04-11T03:00,14.6,94,13.6,15.0,1012.3,971.7,61,47,38,0,4.9,13.4,17.5,21.2,54,66,71,75,12.2,0.0,0.0,0.0,0.1,0.0,0.0,0.0,0.0,2,0.0,0.0,0.0,24140.0,27,3310.0,13.7,15.6,17.3,16.8,0.14,0.17,0.215,0.203,0.225,0
2025-04-11T04:00,14.2,94,13.2,14.5,1012.2,971.6,65,35,47,0,4.7,13.3,17.5,20.6,67,77,81,85,13.0,0.0,0.0,0.0,0.1,0.0,0.0,0.0,0.0,2,0.0,0.0,0.0,24140.0,24,3300.0,13.1,15.3,17.2,16.8,0.14,0.17,0.215,0.203,0.225,0
2025-04-11T05:00,13.8,94,12.9,14.0,1012.0,971.3,69,24,55,1,5.1,14.4,18.7,21.0,82,90,92,96,13.3,0.0,0.0,0.0,0.09,0.0,0.0,0.0,0.0,2,0.0,0.0,0.0,24140.0,21,3280.0,12.7,14.9,17.0,16.8,0.14,0.169,0.216,0.203,0.225,0
2025-04-11T06:00,14.1,92,12.8,14.3,1012.0,971.4,73,12,64,1,5.0,14.2,18.3,20.2,90,99,100,106,14.0,0.0,0.0,0.0,0.13,0.0,0.0,0.0,0.0,2,0.0,0.0,0.0,24140.0,18,3270.0,13.3,14.9,16.8,16.8,0.139,0.169,0.216,0.203,0.225,1
2025-04-11T07:00,15.4,87,13.3,15.9,1012.1,971.6,73,18,62,1,4.0,10.7,14.5,17.1,100,104,109,118,11.9,65.0,35.0,30.0,0.23,0.0,0.0,0.02,0.0,2,0.0,0.0,0.0,24140.0,15,3280.0,15.6,15.4,16.7,16.8,0.138,0.169,0.216,0.203,0.225,1
2025-04-11T08:00,17.3,80,13.8,18.2,1012.4,972.2,73,23,61,0,2.7,5.7,9.1,13.3,113,108,124,139,9.4,208.0,110.0,98.0,0.4,0.0,0.0,0.11,0.0,2,0.0,0.0,0.0,24140.0,12,3300.0,19.0,16.3,16.6,16.8,0.136,0.168,0.216,0.203,0.225,1
2025-04-11T09:00,19.3,72,14.1,20.5,1012.4,972.5,73,29,59,0,1.5,1.5,5.3,10.7,135,135,152,160,7.2,346.0,188.0,158.0,0.63,0.0,0.0,0.21,0.0,2,0.0,0.0,0.0,24140.0,11,3310.0,22.2,17.4,16.6,16.8,0.133,0.167,0.216,0.203,0.225,1
2025-04-11T10:00,21.6,63,14.2,22.8,1012.1,972.5,63,27,51,0,0.8,1.1,3.2,7.6,207,252,180,177,7.9,497.0,294.0,203.0,0.95,40.0,0.0,0.32,0.0,1,0.0,0.0,0.0,24140.0,10,3340.0,25.0,18.9,16.7,16.8,0.126,0.165,0.216,0.203,0.225,1
2025-04-11T11:00,24.0,54,14.1,25.7,1011.6,972.3,52,25,44,0,1.8,2.2,2.1,3.4,281,279,239,212,9.0,649.0,422.0,227.0,1.37,90.0,0.0,0.44,0.0,1,0.0,0.0,0.0,24140.0,9,3380.0,27.6,20.7,17.0,16.8,0.117,0.162,0.215,0.202,0.224,1
2025-04-11T12:00,25.5,49,14.0,27.7,1011.1,972.0,42,23,36,0,3.7,4.0,3.9,4.2,299,297,292,290,9.7,762.0,524.0,238.0,1.67,170.0,0.0,0.53,0.0,1,0.0,0.0,0.0,24140.0,10,3410.0,29.2,22.2,17.3,16.8,0.11,0.159,0.214,0.202,0.224,1
2025-04-11T13:00,25.8,50,14.6,27.8,1010.7,971.7,53,33,35,8,6.9,7.9,7.7,8.2,309,309,307,308,15.5,804.0,568.0,236.0,1.66,300.0,0.0,0.56,0.1,80,0.0,0.1,0.0,24140.0,12,3450.0,29.3,23.3,17.7,16.8,0.104,0.153,0.213,0.201,0.224,1
2025-04-11T14:00,25.2,54,15.3,26.7,1010.3,971.2,64,43,33,15,10.7,12.7,12.5,12.5,315,315,314,314,21.6,780.0,557.0,223.0,1.48,460.0,0.0,0.54,0.1,80,0.0,0.1,0.0,24140.0,15,3480.0,28.3,24.1,18.2,16.8,0.099,0.146,0.212,0.201,0.223,1
2025-04-11T15:00,24.4,60,16.1,25.3,1010.1,970.9,75,53,32,23,13.2,16.3,16.3,16.3,317,317,317,317,27.4,691.0,489.0,202.0,1.22,560.0,0.0,0.46,0.1,80,0.0,0.1,0.0,24140.0,20,3520.0,26.9,24.3,18.6,16.8,0.107,0.149,0.211,0.2,0.223,1
2025-04-11T16:00,23.3,66,16.6,23.5,1010.1,970.8,83,56,41,49,14.0,18.6,19.1,19.4,316,316,317,318,26.6,548.0,372.0,176.0,0.97,580.0,0.0,0.36,1.2,80,0.0,1.2,0.0,17400.0,25,3520.0,24.7,23.8,18.9,16.8,0.137,0.169,0.211,0.2,0.223,1
2025-04-11T17:00,21.9,73,16.9,22.4,1010.3,970.8,92,60,51,74,13.5,19.9,21.1,21.7,314,315,317,318,26.3,374.0,235.0,139.0,0.71,540.0,0.0,0.24,1.2,80,0.0,1.2,0.0,10640.0,31,3530.0,22.0,22.8,19.2,16.9,0.178,0.197,0.212,0.2,0.223,1
2025-04-11T18:00,20.6,79,16.8,21.2,1010.7,971.0,100,63,60,100,12.2,19.6,21.4,22.5,313,316,318,320,25.6,194.0,110.0,84.0,0.51,460.0,0.0,0.12,1.2,80,0.0,1.2,0.0,3900.0,37,3530.0,19.8,21.7,19.4,16.9,0.211,0.219,0.213,0.2,0.223,1
2025-04-11T19:00,19.3,84,16.6,20.1,1011.4,971.5,100,64,66,100,10.2,17.1,19.0,20.5,315,319,323,326,22.7,44.0,21.0,23.0,0.36,320.0,0.0,0.03,0.5,95,0.0,0.5,0.0,10640.0,43,3490.0,18.5,20.7,19.5,16.9,0.226,0.227,0.215,0.2,0.223,0
2025-04-11T20:00,18.1,87,15.9,19.0,1012.3,972.2,100,66,73,100,7.7,12.8,15.1,17.3,323,328,332,337,19.8,0.0,0.0,0.0,0.27,130.0,0.0,0.0,0.5,95,0.0,0.5,0.0,17400.0,49,3440.0,17.8,19.6,19.4,16.9,0.232,0.228,0.217,0.2,0.223,0
2025-04-11T21:00,17.2,90,15.5,18.3,1012.9,972.6,100,67,79,100,5.3,9.5,11.8,14.1,332,335,340,347,16.9,0.0,0.0,0.0,0.2,0.0,0.0,0.0,0.5,95,0.0,0.5,0.0,24140.0,54,3400.0,17.2,18.8,19.3,16.9,0.235,0.23,0.22,0.2,0.223,0
2025-04-11T22:00,16.7,92,15.4,17.9,1012.9,972.6,100,69,86,100,3.7,6.9,8.4,9.9,331,332,340,350,13.7,0.0,0.0,0.0,0.15,0.0,0.0,0.0,0.7,80,0.0,0.6,0.0,23360.0,59,3400.0,16.8,18.3,19.2,16.9,0.235,0.236,0.224,0.2,0.223,0
2025-04-11T23:00,16.5,93,15.3,17.9,1012.6,972.3,100,72,93,100,2.8,4.8,5.0,5.2,320,318,330,344,10.4,0.0,0.0,0.0,0.13,0.0,0.0,0.0,0.7,80,0.0,0.6,0.0,22560.0,63,3390.0,16.6,18.0,19.1,17.0,0.233,0.243,0.228,0.2,0.223,0
